{
    "2025": {
      "turkey": [
        {"date": "2025-01-01", "holiday": "New Year", "day": "Thursday"},
        {"date": "2025-03-29", "holiday": "Ramadan Feast Eve", "day": "Saturday"},
        {"date": "2025-03-30", "holiday": "Ramadan Feast 1st Day", "day": "Sunday"},
        {"date": "2025-03-31", "holiday": "Ramadan Feast 2nd Day", "day": "Monday"},
        {"date": "2025-04-01", "holiday": "Ramadan Feast 3rd Day", "day": "Tuesday"},
        {"date": "2025-04-23", "holiday": "National Sovereignty and Children's Day", "day": "Wednesday"},
        {"date": "2025-05-01", "holiday": "May 1st Labor and Solidarity Day", "day": "Thursday"},
        {"date": "2025-05-19", "holiday": "Commemoration of Atatürk, Youth and Sports Day", "day": "Monday"},
        {"date": "2025-06-05", "holiday": "Eve of Sacrifice Feast", "day": "Thursday"},
        {"date": "2025-06-06", "holiday": "Sacrifice Feast 1st Day", "day": "Friday"},
        {"date": "2025-06-07", "holiday": "Sacrifice Feast 2nd Day", "day": "Saturday"},
        {"date": "2025-06-08", "holiday": "Sacrifice Feast 3rd Day", "day": "Sunday"},
        {"date": "2025-06-09", "holiday": "Sacrifice Feast 4th Day", "day": "Monday"},
        {"date": "2025-07-15", "holiday": "Democracy and National Unity Day", "day": "Tuesday"},
        {"date": "2025-08-30", "holiday": "Victory Day", "day": "Saturday"},
        {"date": "2025-10-28", "holiday": "Republic Day Eve", "day": "Tuesday"},
        {"date": "2025-10-29", "holiday": "Republic Day", "day": "Wednesday"},
        {"date": "2025-12-31", "holiday": "New Year's Eve", "day": "Wednesday"}
      ],
      "germany": [
        {"date": "2025-01-01", "holiday": "Neujahr (New Year)", "day": "Wednesday"},
        {"date": "2025-04-18", "holiday": "Karfreitag (Holy Friday)", "day": "Friday"},
        {"date": "2025-04-21", "holiday": "Ostermontag (Easter Monday)", "day": "Monday"},
        {"date": "2025-05-01", "holiday": "Tag der Arbeit (Labor Day)", "day": "Thursday"},
        {"date": "2025-05-29", "holiday": "Christi Himmelfahrt (Ascension Day)", "day": "Thursday"},
        {"date": "2025-06-09", "holiday": "Pfingstmontag (Pentecost Monday)", "day": "Monday"},
        {"date": "2025-10-03", "holiday": "Tag der Deutschen Einheit (German Unity Day)", "day": "Friday"},
        {"date": "2025-12-25", "holiday": "Erster Weihnachtstag (Christmas Day)", "day": "Thursday"},
        {"date": "2025-12-26", "holiday": "Zweiter Weihnachtstag (Boxing Day)", "day": "Friday"}
      ]
    },
    "2026": {
      "turkey": [
        {"date": "2026-01-01", "holiday": "New Year", "day": "Friday"},
        {"date": "2026-03-19", "holiday": "Ramadan Feast Eve", "day": "Thursday"},
        {"date": "2026-03-20", "holiday": "Ramadan Feast 1st Day", "day": "Friday"},
        {"date": "2026-03-21", "holiday": "Ramadan Feast 2nd Day", "day": "Saturday"},
        {"date": "2026-03-22", "holiday": "Ramadan Feast 3rd Day", "day": "Sunday"},
        {"date": "2026-04-23", "holiday": "National Sovereignty and Children's Day", "day": "Thursday"},
        {"date": "2026-05-01", "holiday": "May 1st Labor and Solidarity Day", "day": "Friday"},
        {"date": "2026-05-19", "holiday": "Commemoration of Atatürk, Youth and Sports Day", "day": "Tuesday"},
        {"date": "2026-05-26", "holiday": "Eve of Sacrifice Feast", "day": "Tuesday"},
        {"date": "2026-05-27", "holiday": "Sacrifice Feast 1st Day", "day": "Wednesday"},
        {"date": "2026-05-28", "holiday": "Sacrifice Feast 2nd Day", "day": "Thursday"},
        {"date": "2026-05-29", "holiday": "Sacrifice Feast 3rd Day", "day": "Friday"},
        {"date": "2026-05-30", "holiday": "Sacrifice Feast 4th Day", "day": "Saturday"},
        {"date": "2026-07-15", "holiday": "Democracy and National Unity Day", "day": "Thursday"},
        {"date": "2026-08-30", "holiday": "Victory Day", "day": "Sunday"},
        {"date": "2026-10-28", "holiday": "Republic Day Eve", "day": "Wednesday"},
        {"date": "2026-10-29", "holiday": "Republic Day", "day": "Thursday"},
        {"date": "2026-12-31", "holiday": "New Year's Eve", "day": "Thursday"}
      ],
      "germany": [
        {"date": "2026-01-01", "holiday": "Neujahr (New Year)", "day": "Friday"},
        {"date": "2026-04-02", "holiday": "Karfreitag (Holy Friday)", "day": "Friday"},
        {"date": "2026-04-05", "holiday": "Ostermontag (Easter Monday)", "day": "Monday"},
        {"date": "2026-05-01", "holiday": "Tag der Arbeit (Labor Day)", "day": "Friday"},
        {"date": "2026-05-13", "holiday": "Christi Himmelfahrt (Ascension Day)", "day": "Thursday"},
        {"date": "2026-05-24", "holiday": "Pfingstmontag (Pentecost Monday)", "day": "Monday"},
        {"date": "2026-10-03", "holiday": "Tag der Deutschen Einheit (German Unity Day)", "day": "Saturday"},
        {"date": "2026-12-25", "holiday": "Erster Weihnachtstag (Christmas Day)", "day": "Friday"},
        {"date": "2026-12-26", "holiday": "Zweiter Weihnachtstag (Boxing Day)", "day": "Saturday"}
      ]
    },
    "2027": {
      "turkey": [
        {"date": "2027-01-01", "holiday": "New Year", "day": "Friday"},
        {"date": "2027-03-08", "holiday": "Ramadan Feast Eve", "day": "Monday"},
        {"date": "2027-03-09", "holiday": "Ramadan Feast 1st Day", "day": "Tuesday"},
        {"date": "2027-03-10", "holiday": "Ramadan Feast 2nd Day", "day": "Wednesday"},
        {"date": "2027-03-11", "holiday": "Ramadan Feast 3rd Day", "day": "Thursday"},
        {"date": "2027-04-23", "holiday": "National Sovereignty and Children's Day", "day": "Friday"},
        {"date": "2027-05-01", "holiday": "May 1st Labor and Solidarity Day", "day": "Saturday"},
        {"date": "2027-05-19", "holiday": "Commemoration of Atatürk, Youth and Sports Day", "day": "Wednesday"},
        {"date": "2027-05-15", "holiday": "Eve of Sacrifice Feast", "day": "Saturday"},
        {"date": "2027-05-16", "holiday": "Sacrifice Feast 1st Day", "day": "Sunday"},
        {"date": "2027-05-17", "holiday": "Sacrifice Feast 2nd Day", "day": "Monday"},
        {"date": "2027-05-18", "holiday": "Sacrifice Feast 3rd Day", "day": "Tuesday"},
        {"date": "2027-05-19", "holiday": "Sacrifice Feast 4th Day", "day": "Wednesday"},
        {"date": "2027-07-15", "holiday": "Democracy and National Unity Day", "day": "Thursday"},
        {"date": "2027-08-30", "holiday": "Victory Day", "day": "Monday"},
        {"date": "2027-10-28", "holiday": "Republic Day Eve", "day": "Thursday"},
        {"date": "2027-10-29", "holiday": "Republic Day", "day": "Friday"},
        {"date": "2027-12-31", "holiday": "New Year's Eve", "day": "Friday"}
      ],
      "germany": [
        {"date": "2027-01-01", "holiday": "Neujahr (New Year)", "day": "Friday"},
        {"date": "2027-04-15", "holiday": "Karfreitag (Holy Friday)", "day": "Friday"},
        {"date": "2027-04-18", "holiday": "Ostermontag (Easter Monday)", "day": "Monday"},
        {"date": "2027-05-01", "holiday": "Tag der Arbeit (Labor Day)", "day": "Saturday"},
        {"date": "2027-05-05", "holiday": "Christi Himmelfahrt (Ascension Day)", "day": "Thursday"},
        {"date": "2027-05-16", "holiday": "Pfingstmontag (Pentecost Monday)", "day": "Monday"},
        {"date": "2027-10-03", "holiday": "Tag der Deutschen Einheit (German Unity Day)", "day": "Sunday"},
        {"date": "2027-12-25", "holiday": "Erster Weihnachtstag (Christmas Day)", "day": "Saturday"},
        {"date": "2027-12-26", "holiday": "Zweiter Weihnachtstag (Boxing Day)", "day": "Sunday"}
      ]
    },
    "2028": {
      "turkey": [
        {"date": "2028-01-01", "holiday": "New Year", "day": "Saturday"},
        {"date": "2028-02-26", "holiday": "Ramadan Feast Eve", "day": "Saturday"},
        {"date": "2028-02-27", "holiday": "Ramadan Feast 1st Day", "day": "Sunday"},
        {"date": "2028-02-28", "holiday": "Ramadan Feast 2nd Day", "day": "Monday"},
        {"date": "2028-02-29", "holiday": "Ramadan Feast 3rd Day", "day": "Tuesday"},
        {"date": "2028-04-23", "holiday": "National Sovereignty and Children's Day", "day": "Sunday"},
        {"date": "2028-05-01", "holiday": "May 1st Labor and Solidarity Day", "day": "Monday"},
        {"date": "2028-05-04", "holiday": "Eve of Sacrifice Feast", "day": "Thursday"},
        {"date": "2028-05-05", "holiday": "Sacrifice Feast 1st Day", "day": "Friday"},
        {"date": "2028-05-06", "holiday": "Sacrifice Feast 2nd Day", "day": "Saturday"},
        {"date": "2028-05-07", "holiday": "Sacrifice Feast 3rd Day", "day": "Sunday"},
        {"date": "2028-05-08", "holiday": "Sacrifice Feast 4th Day", "day": "Monday"},
        {"date": "2028-05-19", "holiday": "Commemoration of Atatürk, Youth and Sports Day", "day": "Friday"},
        {"date": "2028-07-15", "holiday": "Democracy and National Unity Day", "day": "Friday"},
        {"date": "2028-08-30", "holiday": "Victory Day", "day": "Wednesday"},
        {"date": "2028-10-28", "holiday": "Republic Day Eve", "day": "Saturday"},
        {"date": "2028-10-29", "holiday": "Republic Day", "day": "Sunday"},
        {"date": "2028-12-31", "holiday": "New Year's Eve", "day": "Sunday"}
      ],
      "germany": [
        {"date": "2028-01-01", "holiday": "Neujahr (New Year)", "day": "Saturday"},
        {"date": "2028-04-07", "holiday": "Karfreitag (Holy Friday)", "day": "Friday"},
        {"date": "2028-04-10", "holiday": "Ostermontag (Easter Monday)", "day": "Monday"},
        {"date": "2028-05-01", "holiday": "Tag der Arbeit (Labor Day)", "day": "Monday"},
        {"date": "2028-05-25", "holiday": "Christi Himmelfahrt (Ascension Day)", "day": "Thursday"},
        {"date": "2028-06-05", "holiday": "Pfingstmontag (Pentecost Monday)", "day": "Monday"},
        {"date": "2028-10-03", "holiday": "Tag der Deutschen Einheit (German Unity Day)", "day": "Tuesday"},
        {"date": "2028-12-25", "holiday": "Erster Weihnachtstag (Christmas Day)", "day": "Monday"},
        {"date": "2028-12-26", "holiday": "Zweiter Weihnachtstag (Boxing Day)", "day": "Tuesday"}
      ]
    },
    "2029": {
      "turkey": [
        {"date": "2029-01-01", "holiday": "New Year", "day": "Monday"},
        {"date": "2029-02-14", "holiday": "Ramadan Feast Eve", "day": "Wednesday"},
        {"date": "2029-02-15", "holiday": "Ramadan Feast 1st Day", "day": "Thursday"},
        {"date": "2029-02-16", "holiday": "Ramadan Feast 2nd Day", "day": "Friday"},
        {"date": "2029-02-17", "holiday": "Ramadan Feast 3rd Day", "day": "Saturday"},
        {"date": "2029-04-23", "holiday": "National Sovereignty and Children's Day", "day": "Monday"},
        {"date": "2029-04-23", "holiday": "Eve of Sacrifice Feast", "day": "Monday"},
        {"date": "2029-04-24", "holiday": "Sacrifice Feast 1st Day", "day": "Tuesday"},
        {"date": "2029-04-25", "holiday": "Sacrifice Feast 2nd Day", "day": "Wednesday"},
        {"date": "2029-04-26", "holiday": "Sacrifice Feast 3rd Day", "day": "Thursday"},
        {"date": "2029-04-27", "holiday": "Sacrifice Feast 4th Day", "day": "Friday"},
        {"date": "2029-05-01", "holiday": "May 1st Labor and Solidarity Day", "day": "Tuesday"},
        {"date": "2029-05-19", "holiday": "Commemoration of Atatürk, Youth and Sports Day", "day": "Saturday"},
        {"date": "2029-07-15", "holiday": "Democracy and National Unity Day", "day": "Monday"},
        {"date": "2029-08-30", "holiday": "Victory Day", "day": "Thursday"},
        {"date": "2029-10-28", "holiday": "Republic Day Eve", "day": "Monday"},
        {"date": "2029-10-29", "holiday": "Republic Day", "day": "Tuesday"},
        {"date": "2029-12-31", "holiday": "New Year's Eve", "day": "Tuesday"}
      ],
      "germany": [
        {"date": "2029-01-01", "holiday": "Neujahr (New Year)", "day": "Monday"},
        {"date": "2029-03-29", "holiday": "Karfreitag (Holy Friday)", "day": "Friday"},
        {"date": "2029-04-01", "holiday": "Ostermontag (Easter Monday)", "day": "Monday"},
        {"date": "2029-05-01", "holiday": "Tag der Arbeit (Labor Day)", "day": "Tuesday"},
        {"date": "2029-05-09", "holiday": "Christi Himmelfahrt (Ascension Day)", "day": "Thursday"},
        {"date": "2029-05-20", "holiday": "Pfingstmontag (Pentecost Monday)", "day": "Monday"},
        {"date": "2029-10-03", "holiday": "Tag der Deutschen Einheit (German Unity Day)", "day": "Thursday"},
        {"date": "2029-12-25", "holiday": "Erster Weihnachtstag (Christmas Day)", "day": "Tuesday"},
        {"date": "2029-12-26", "holiday": "Zweiter Weihnachtstag (Boxing Day)", "day": "Wednesday"}
      ]
    }
  }
  